Grid Name;Grid Rows;Grid Columns;Num Of Agents;Num Of Obstacles;Instance Id;HCBS/(single:A*/SIC multi:EPEA*/SIC) with first fit adoption max expansions: 1 with merge&restart Success;HCBS/(single:A*/SIC multi:EPEA*/SIC) with first fit adoption max expansions: 1 with merge&restart Runtime;HCBS/(single:A*/SIC multi:EPEA*/SIC) with first fit adoption max expansions: 1 with merge&restart Solution Cost;HCBS/(single:A*/SIC multi:EPEA*/SIC) with first fit adoption max expansions: 1 with merge&restart Expanded (HL);HCBS/(single:A*/SIC multi:EPEA*/SIC) with first fit adoption max expansions: 1 with merge&restart Generated (HL);HCBS/(single:A*/SIC multi:EPEA*/SIC) with first fit adoption max expansions: 1 with merge&restart MDDs Built (HL);HCBS/(single:A*/SIC multi:EPEA*/SIC) with first fit adoption max expansions: 1 with merge&restart Solution Depth;Makespan;
den520d;257;256;10;37614;0;1;160,5376;1954;1;1;2;0;343;
ost003d;194;194;10;24422;0;1;30,2097000000001;1184;1;3;2;1;229;
brc202d;481;530;10;211779;0;1;1,94789999999989;1427;0;1;0;0;385;
den520d;257;256;10;37614;1;1;135,5848;1617;1;1;4;0;339;
ost003d;194;194;10;24422;1;1;603,4322;1299;7;10;12;4;248;
brc202d;481;530;10;211779;1;1;1,77250000000004;1672;0;1;0;0;395;
den520d;257;256;10;37614;2;1;3,53560000000016;1611;1;1;2;0;297;
ost003d;194;194;10;24422;2;1;11,1055999999999;973;1;1;3;0;272;
brc202d;481;530;10;211779;2;1;1,39590000000044;1198;0;1;0;0;358;
den520d;257;256;10;37614;3;1;1,59240000000045;1418;0;1;0;0;293;
ost003d;194;194;10;24422;3;1;23,2523999999994;1114;1;1;5;0;205;
brc202d;481;530;10;211779;3;1;5,97530000000006;1347;1;1;2;0;274;
den520d;257;256;10;37614;4;1;20,8432000000003;1232;1;1;3;0;229;
ost003d;194;194;10;24422;4;1;0,98660000000018;854;0;1;0;0;175;
brc202d;481;530;10;211779;4;1;11,2057999999997;1779;1;1;2;0;327;
den520d;257;256;10;37614;5;1;1,1819000000005;1066;0;1;0;0;244;
ost003d;194;194;10;24422;5;1;6,16660000000047;1204;1;1;2;0;207;
brc202d;481;530;10;211779;5;1;1,1890999999996;1400;0;1;0;0;167;
den520d;257;256;10;37614;6;1;15,3720999999987;1148;1;1;2;0;198;
ost003d;194;194;10;24422;6;1;7,73339999999916;794;1;1;2;0;198;
brc202d;481;530;10;211779;6;1;1,84909999999945;1501;0;1;0;0;341;
den520d;257;256;10;37614;7;1;1,53110000000015;1100;0;1;0;0;306;
ost003d;194;194;10;24422;7;1;2,73580000000038;651;1;1;2;0;125;
brc202d;481;530;10;211779;7;1;2,95830000000024;1175;0;1;0;0;288;
den520d;257;256;10;37614;8;1;1,34909999999945;1351;0;1;0;0;251;
ost003d;194;194;10;24422;8;1;4,82409999999982;1083;1;1;2;0;320;
brc202d;481;530;10;211779;8;1;9,86989999999969;1589;1;1;2;0;434;
den520d;257;256;10;37614;9;1;1,58339999999953;1316;0;1;0;0;347;
ost003d;194;194;10;24422;9;1;4,82610000000022;942;1;1;3;0;280;
brc202d;481;530;10;211779;9;1;3,40439999999944;1391;1;1;2;0;352;
den520d;257;256;20;37614;0;1;22,8930999999993;2855;1;1;2;0;304;
ost003d;194;194;20;24422;0;1;178,151300000001;1975;3;5;6;2;202;
brc202d;481;530;20;211779;0;1;11,6592000000001;2669;1;1;2;0;353;
den520d;257;256;20;37614;1;1;56,5378999999994;2845;1;1;6;0;307;
ost003d;194;194;20;24422;1;1;2,88739999999962;2222;0;1;0;0;260;
brc202d;481;530;20;211779;1;1;3,05740000000151;3187;0;1;0;0;364;
den520d;257;256;20;37614;2;1;53,9213999999993;2736;1;1;8;0;255;
ost003d;194;194;20;24422;2;1;27,0414000000019;2080;1;1;7;0;293;
brc202d;481;530;20;211779;2;1;10,1304999999993;2895;1;1;2;0;399;
den520d;257;256;20;37614;3;1;78,7979999999989;2886;1;1;9;0;277;
ost003d;194;194;20;24422;3;1;63,6906999999992;2736;3;5;12;2;248;
brc202d;481;530;20;211779;3;1;8,10880000000179;2242;1;1;2;0;391;
den520d;257;256;20;37614;4;1;7,89559999999983;2128;1;1;2;0;210;
ost003d;194;194;20;24422;4;1;13,7419000000009;2471;1;3;3;1;306;
brc202d;481;530;20;211779;4;1;12,6404000000002;2460;1;1;4;0;329;
den520d;257;256;20;37614;5;1;44,5135999999984;2662;1;1;6;0;282;
ost003d;194;194;20;24422;5;1;4,69919999999911;1859;1;1;2;0;298;
brc202d;481;530;20;211779;5;1;127,7262;2441;1;1;2;0;390;
den520d;257;256;20;37614;6;1;57,8411999999998;3117;1;1;5;0;341;
ost003d;194;194;20;24422;6;1;83,8845000000001;2299;7;10;19;4;211;
brc202d;481;530;20;211779;6;1;22,5138000000002;2350;1;1;5;0;283;
den520d;257;256;20;37614;7;1;26,9321;2405;1;1;4;0;215;
ost003d;194;194;20;24422;7;1;35,7088000000003;2821;1;1;8;0;288;
brc202d;481;530;20;211779;7;1;20,5927999999994;2297;1;1;4;0;242;
den520d;257;256;20;37614;8;1;48,0676999999996;2876;1;1;7;0;332;
ost003d;194;194;20;24422;8;1;247,959900000001;2447;3;3;9;2;328;
brc202d;481;530;20;211779;8;1;6,20069999999942;2642;1;1;2;0;333;
den520d;257;256;20;37614;9;1;241,121999999999;2188;5;5;12;4;320;
ost003d;194;194;20;24422;9;1;33,2885000000006;2088;1;1;8;0;211;
brc202d;481;530;20;211779;9;1;38,9837000000007;2204;2;3;3;2;385;
den520d;257;256;30;37614;0;1;103,588299999999;4330;1;1;11;0;286;
ost003d;194;194;30;24422;0;1;78,871799999999;2977;1;1;17;0;290;
brc202d;481;530;30;211779;0;1;26,1338999999989;3362;1;1;5;0;246;
den520d;257;256;30;37614;1;1;101,4493;3511;1;1;9;0;267;
ost003d;194;194;30;24422;1;1;710,9166;2954;21;36;42;6;203;
brc202d;481;530;30;211779;1;1;166,216199999999;4349;3;5;13;2;376;
den520d;257;256;30;37614;2;1;218,261200000001;4701;1;1;10;0;348;
ost003d;194;194;30;24422;2;1;103,434399999998;3230;3;3;11;2;377;
brc202d;481;530;30;211779;2;1;66,3197;4438;1;1;11;0;364;
den520d;257;256;30;37614;3;1;891,916000000001;4444;67;132;99;1;342;
ost003d;194;194;30;24422;3;1;35,1419999999998;2731;1;1;9;0;310;
brc202d;481;530;30;211779;3;1;92,0786000000007;4793;3;5;7;2;502;
den520d;257;256;30;37614;4;1;44,1782999999996;3823;1;1;7;0;361;
ost003d;194;194;30;24422;4;1;197,833999999999;3314;4;7;23;3;270;
brc202d;481;530;30;211779;4;1;16,0586000000003;4102;1;1;4;0;324;
den520d;257;256;30;37614;5;1;689,3331;4466;7;10;20;4;296;
ost003d;194;194;30;24422;5;1;162,021199999999;3420;2;3;20;1;335;
brc202d;481;530;30;211779;5;1;19,9620000000032;3287;1;1;4;0;394;
den520d;257;256;30;37614;6;1;66,7583000000013;3264;1;1;5;0;264;
ost003d;194;194;30;24422;6;1;283,858100000001;3828;3;5;14;2;353;
brc202d;481;530;30;211779;6;1;38,2255999999979;3264;1;1;6;0;276;
den520d;257;256;30;37614;7;1;194,469400000002;4851;3;5;17;2;355;
ost003d;194;194;30;24422;7;1;280,0723;2639;44;87;73;3;346;
brc202d;481;530;30;211779;7;1;50,5935000000027;5285;1;1;6;0;441;
den520d;257;256;30;37614;8;1;131,298999999999;4312;1;1;9;0;342;
ost003d;194;194;30;24422;8;1;328,440999999999;3810;13;25;33;5;372;
brc202d;481;530;30;211779;8;1;70,0799999999945;3661;5;5;11;4;366;
den520d;257;256;30;37614;9;1;195,819599999995;4219;3;5;18;2;294;
ost003d;194;194;30;24422;9;1;82,1782999999996;2855;3;5;14;2;275;
brc202d;481;530;30;211779;9;1;16,7362999999968;3636;1;1;4;0;353;
den520d;257;256;40;37614;0;1;172,728200000005;5695;3;5;17;2;374;
ost003d;194;194;40;24422;0;1;242,639899999995;4524;7;13;28;5;312;
brc202d;481;530;40;211779;0;1;84,1131000000023;5641;1;1;14;0;410;
den520d;257;256;40;37614;1;1;278,182999999997;5444;1;1;20;0;347;
ost003d;194;194;40;24422;1;1;3099,9339;3713;77;152;114;5;286;
brc202d;481;530;40;211779;1;1;165,779399999999;5165;3;5;20;2;351;
den520d;257;256;40;37614;2;1;1169,3509;5065;66;130;102;1;301;
ost003d;194;194;40;24422;2;1;39,5631999999969;3870;1;1;10;0;300;
brc202d;481;530;40;211779;2;1;44,6404999999941;5128;1;1;9;0;301;
den520d;257;256;40;37614;3;1;279,984199999999;6439;4;7;20;3;336;
ost003d;194;194;40;24422;3;1;1315,2585;4812;67;132;118;1;332;
brc202d;481;530;40;211779;3;1;128,030200000001;6404;2;3;14;1;512;
den520d;257;256;40;37614;4;1;158,233999999997;5161;2;3;23;1;312;
ost003d;194;194;40;24422;4;1;143,955000000002;3765;4;7;19;2;272;
brc202d;481;530;40;211779;4;1;43,299199999994;4619;1;1;5;0;377;
den520d;257;256;40;37614;5;1;287,077400000009;6056;6;11;23;3;333;
ost003d;194;194;40;24422;5;1;328,152700000006;4537;7;10;29;4;282;
brc202d;481;530;40;211779;5;1;98,8515999999945;5885;3;5;14;2;356;
den520d;257;256;40;37614;6;1;113,963499999998;4634;1;1;15;0;276;
ost003d;194;194;40;24422;6;1;628,010100000014;5150;6;11;31;4;342;
brc202d;481;530;40;211779;6;1;883,870600000009;4519;67;132;90;1;289;
den520d;257;256;40;37614;7;1;108,286300000007;4926;2;3;14;1;298;
ost003d;194;194;40;24422;7;0;300009,1869;-2;99;187;147;5;-1;
brc202d;481;530;40;211779;7;1;39,9896999999764;5028;1;1;7;0;241;
den520d;257;256;40;37614;8;1;371,090200000035;5533;7;13;37;4;370;
ost003d;194;194;40;24422;8;1;13177,5579;4222;140;278;177;4;326;
brc202d;481;530;40;211779;8;1;78,4296999999788;5187;1;1;10;0;528;
den520d;257;256;40;37614;9;1;230,818000000028;5858;2;3;22;0;384;
ost003d;194;194;40;24422;9;1;381,376300000004;4846;8;15;36;5;280;
brc202d;481;530;40;211779;9;1;132,161699999997;5401;3;3;17;2;413;
den520d;257;256;50;37614;0;1;253,791099999973;6256;3;5;20;2;316;
ost003d;194;194;50;24422;0;1;1853,7697;5241;18;26;56;5;327;
brc202d;481;530;50;211779;0;1;156,999899999995;6803;4;7;19;3;408;
den520d;257;256;50;37614;1;1;304,550900000031;6945;3;5;32;2;336;
ost003d;194;194;50;24422;1;1;293,797499999986;5510;7;13;35;4;381;
brc202d;481;530;50;211779;1;1;65,6058000000194;6372;3;5;11;2;466;
den520d;257;256;50;37614;2;1;277,0098;7540;3;5;23;2;401;
ost003d;194;194;50;24422;2;1;1973,18900000001;5535;76;149;138;4;299;
brc202d;481;530;50;211779;2;1;100,882500000007;6679;2;3;15;2;345;
den520d;257;256;50;37614;3;1;275,040500000003;6997;1;1;26;0;315;
ost003d;194;194;50;24422;3;1;185,054399999965;4706;6;11;32;4;365;
brc202d;481;530;50;211779;3;1;281,862699999998;6919;7;10;26;4;339;
den520d;257;256;50;37614;4;1;210,474799999967;6595;1;1;25;0;331;
ost003d;194;194;50;24422;4;0;300007,5743;-2;325;444;401;16;-1;
brc202d;481;530;50;211779;4;1;136,965599999996;5400;7;7;17;6;372;
den520d;257;256;50;37614;5;1;228,457200000063;6046;3;5;26;2;278;
ost003d;194;194;50;24422;5;1;36555,0584;5406;74;140;129;3;368;
brc202d;481;530;50;211779;5;1;148,31549999991;7018;3;5;19;2;493;
den520d;257;256;50;37614;6;0;300008,3758;-2;184;296;238;8;-1;
ost003d;194;194;50;24422;6;1;306,817700000014;5257;7;10;35;4;297;
brc202d;481;530;50;211779;6;1;90,4853000000585;7021;3;5;14;2;559;
den520d;257;256;50;37614;7;1;297,077700000023;6466;3;5;25;2;343;
ost003d;194;194;50;24422;7;1;734,536899999948;5113;17;22;45;6;298;
brc202d;481;530;50;211779;7;1;126,88049999997;6339;1;1;20;0;359;
den520d;257;256;50;37614;8;1;234,860799999908;6315;5;9;24;3;351;
ost003d;194;194;50;24422;8;1;2338,95480000018;6427;75;148;141;3;348;
brc202d;481;530;50;211779;8;1;86,4268999998458;6531;1;1;18;0;305;
den520d;257;256;50;37614;9;1;226,257599999895;6494;3;5;23;2;372;
ost003d;194;194;50;24422;9;1;98,0681000000332;4556;3;5;22;2;207;
brc202d;481;530;50;211779;9;1;270,391199999955;7223;5;9;19;3;322;
den520d;257;256;60;37614;0;1;332,614199999953;8041;1;1;34;0;341;
ost003d;194;194;60;24422;0;1;1053,11569999997;6671;22;43;69;7;335;
brc202d;481;530;60;211779;0;1;105,394799999893;7483;1;1;17;0;326;
den520d;257;256;60;37614;1;1;293,240700000199;8107;3;5;30;2;373;
ost003d;194;194;60;24422;1;1;570,931600000011;5719;19;37;59;6;342;
brc202d;481;530;60;211779;1;1;136,857199999969;7846;1;1;19;0;328;
den520d;257;256;60;37614;2;1;307,967799999984;7867;1;1;34;0;289;
ost003d;194;194;60;24422;2;1;332,21800000011;6322;3;5;43;2;296;
brc202d;481;530;60;211779;2;1;3449,81609999994;7339;101;136;116;8;428;
den520d;257;256;60;37614;3;1;5155,09840000002;8239;67;132;122;1;347;
ost003d;194;194;60;24422;3;1;636,660200000042;6334;9;17;49;6;318;
brc202d;481;530;60;211779;3;1;831,751199999824;6888;13;25;44;5;292;
den520d;257;256;60;37614;4;1;538,363899999997;8366;2;3;41;1;381;
ost003d;194;194;60;24422;4;1;517,027399999788;6368;9;17;48;5;316;
brc202d;481;530;60;211779;4;1;1747,92050000001;7322;35;53;59;8;463;
den520d;257;256;60;37614;5;1;435,706000000006;7002;5;5;31;4;374;
ost003d;194;194;60;24422;5;1;12775,0514;6618;138;274;208;7;340;
brc202d;481;530;60;211779;5;1;107,911599999992;7507;2;3;16;1;415;
den520d;257;256;60;37614;6;1;349,609300000127;9613;3;5;30;2;353;
ost003d;194;194;60;24422;6;1;25784,6007999999;6746;253;503;467;10;250;
brc202d;481;530;60;211779;6;1;205,61810000008;7846;2;3;22;1;419;
den520d;257;256;60;37614;7;1;519,736999999965;7778;3;5;40;2;330;
ost003d;194;194;60;24422;7;1;4845,61549999984;7274;71;141;139;7;314;
brc202d;481;530;60;211779;7;1;1235,26980000013;7342;67;132;103;1;321;
den520d;257;256;60;37614;8;1;389,827800000086;8048;2;2;36;0;406;
ost003d;194;194;60;24422;8;1;47318,6363000001;6923;132;261;220;7;373;
brc202d;481;530;60;211779;8;1;183,28740000003;7756;2;3;22;1;422;
den520d;257;256;60;37614;9;1;251,457200000063;7234;3;5;23;2;348;
ost003d;194;194;60;24422;9;1;20096,5197999999;6462;446;822;784;14;327;
brc202d;481;530;60;211779;9;1;298,734000000171;7602;7;10;26;4;394;
den520d;257;256;70;37614;0;1;449,561900000088;9781;2;3;42;1;266;
ost003d;194;194;70;24422;0;1;12494,3061000002;8142;217;433;421;10;326;
brc202d;481;530;70;211779;0;1;3146,31750000012;8599;86;170;169;9;364;
den520d;257;256;70;37614;1;1;6679,85580000002;9127;71;139;146;1;314;
ost003d;194;194;70;24422;1;1;5830,48549999995;8371;116;231;207;13;338;
brc202d;481;530;70;211779;1;1;253,163599999854;7722;3;5;27;2;427;
den520d;257;256;70;37614;2;1;3404,77230000007;9373;79;156;198;5;381;
ost003d;194;194;70;24422;2;0;300008,7991;-2;285;562;624;8;-1;
brc202d;481;530;70;211779;2;1;262,6054;8527;3;3;28;2;349;
den520d;257;256;70;37614;3;1;498,05839999998;9496;4;7;34;3;353;
ost003d;194;194;70;24422;3;0;300002,9255;-2;397;725;784;12;-1;
brc202d;481;530;70;211779;3;1;3696,37379999994;8616;55;104;101;8;415;
den520d;257;256;70;37614;4;1;1824,67729999986;9557;9;10;51;5;381;
ost003d;194;194;70;24422;4;1;8839,30169999995;8026;249;480;436;10;334;
brc202d;481;530;70;211779;4;1;353,419800000032;8682;8;13;39;6;404;
den520d;257;256;70;37614;5;1;525,969399999827;9568;4;7;37;3;346;
ost003d;194;194;70;24422;5;1;3979,22650000011;7669;72;143;146;9;317;
brc202d;481;530;70;211779;5;1;379,625699999975;9202;4;7;31;3;467;
den520d;257;256;70;37614;6;1;704,422199999914;10645;5;9;50;3;366;
ost003d;194;194;70;24422;6;1;105915,7206;6926;432;859;669;11;335;
brc202d;481;530;70;211779;6;1;292,192100000102;8531;3;5;34;2;422;
den520d;257;256;70;37614;7;1;850,98170000012;10049;9;17;50;5;356;
ost003d;194;194;70;24422;7;0;300005,6781;-2;435;792;880;7;-1;
brc202d;481;530;70;211779;7;1;237,23499999987;9108;1;1;30;0;310;
den520d;257;256;70;37614;8;1;1254,62030000007;10042;9;17;50;5;384;
ost003d;194;194;70;24422;8;0;300007,7972;-2;266;530;545;11;-1;
brc202d;481;530;70;211779;8;1;145,692100000102;8247;1;1;23;0;320;
den520d;257;256;70;37614;9;1;722,95650000032;8755;7;7;41;6;397;
ost003d;194;194;70;24422;9;1;3350,82709999988;8451;77;148;168;5;342;
brc202d;481;530;70;211779;9;1;190,926200000104;8430;3;5;30;2;312;
den520d;257;256;80;37614;0;1;1670,40730000008;10479;16;28;61;6;363;
ost003d;194;194;80;24422;0;1;18693,0926000001;8878;302;601;580;13;310;
brc202d;481;530;80;211779;0;1;440,973699999973;9657;6;11;43;4;457;
den520d;257;256;80;37614;1;1;22743,4657000001;11877;96;187;188;5;355;
ost003d;194;194;80;24422;1;1;455,674899999984;7679;4;7;55;2;282;
brc202d;481;530;80;211779;1;1;314,282099999953;9540;4;7;42;2;375;
den520d;257;256;80;37614;2;1;2609,63529999973;10817;26;45;86;7;308;
ost003d;194;194;80;24422;2;1;927,774100000039;8848;5;9;58;3;358;
brc202d;481;530;80;211779;2;1;269,74179999996;10006;4;7;31;3;344;
den520d;257;256;80;37614;3;1;29473,4364;11366;317;631;565;12;332;
ost003d;194;194;80;24422;3;1;14187,9983999999;8740;285;566;521;10;322;
brc202d;481;530;80;211779;3;0;300009,0565;-2;203;339;320;9;-1;
den520d;257;256;80;37614;4;1;15391,6097999997;10381;159;246;240;9;342;
ost003d;194;194;80;24422;4;0;300007,3963;-2;260;433;486;14;-1;
brc202d;481;530;80;211779;4;1;206,178700000048;10007;1;1;25;0;399;
den520d;257;256;80;37614;5;1;606,850800000131;11589;1;1;39;0;375;
ost003d;194;194;80;24422;5;1;182458,2299;8761;438;805;848;11;286;
brc202d;481;530;80;211779;5;1;269,369700000156;9167;5;5;34;4;392;
den520d;257;256;80;37614;6;1;54619,0514000002;11174;309;614;587;10;349;
ost003d;194;194;80;24422;6;0;300008,9856;-2;199;330;320;8;-1;
brc202d;481;530;80;211779;6;1;3577,67519999994;10861;71;140;154;3;546;
den520d;257;256;80;37614;7;1;737,540999999736;10901;1;1;50;0;349;
ost003d;194;194;80;24422;7;1;23086,3796999999;9292;359;649;657;12;387;
brc202d;481;530;80;211779;7;1;346,925899999682;9790;2;3;39;1;332;
den520d;257;256;80;37614;8;1;22707,338;10827;144;281;339;4;387;
ost003d;194;194;80;24422;8;0;300008,9665;-2;546;1018;1165;15;-1;
brc202d;481;530;80;211779;8;1;472,986200000159;9632;7;13;39;4;372;
den520d;257;256;80;37614;9;1;4955,69809999969;10928;75;148;183;2;373;
ost003d;194;194;80;24422;9;1;17540,0848999992;7965;338;672;595;12;353;
brc202d;481;530;80;211779;9;1;1167,76690000016;10653;21;41;75;6;500;
den520d;257;256;90;37614;0;1;5528,53390000015;12916;103;205;210;10;335;
ost003d;194;194;90;24422;0;1;4457,11099999957;9179;109;215;239;8;335;
brc202d;481;530;90;211779;0;1;438,150900000706;11059;7;10;48;4;332;
den520d;257;256;90;37614;1;1;1225,86349999998;12253;7;10;70;4;379;
ost003d;194;194;90;24422;1;0;300009,3058;-2;536;991;1027;14;-1;
brc202d;481;530;90;211779;1;1;602,371299999766;11958;6;9;51;4;419;
den520d;257;256;90;37614;2;1;7160,10499999952;12192;97;132;147;8;382;
ost003d;194;194;90;24422;2;0;300001,980400001;-2;466;927;975;8;-1;
brc202d;481;530;90;211779;2;1;992,511200000532;11122;21;36;64;6;537;
den520d;257;256;90;37614;3;1;616,27430000063;11736;1;1;50;0;330;
ost003d;194;194;90;24422;3;0;300005,8102;-2;450;879;918;14;-1;
brc202d;481;530;90;211779;3;1;2556,12119999994;11563;72;142;142;3;334;
den520d;257;256;90;37614;4;1;11224,5148;13396;140;276;314;4;399;
ost003d;194;194;90;24422;4;0;300002,3318;-2;537;1067;1228;13;-1;
brc202d;481;530;90;211779;4;1;904,238200000487;11549;6;6;53;4;400;
den520d;257;256;90;37614;5;1;11337,8650000002;13441;92;182;239;5;344;
ost003d;194;194;90;24422;5;0;300008,0743;-2;357;709;773;17;-1;
brc202d;481;530;90;211779;5;1;2860,35620000027;11356;80;152;130;5;521;
den520d;257;256;90;37614;6;0;300007,426299999;-2;623;1227;1298;12;-1;
ost003d;194;194;90;24422;6;0;300005,6825;-2;378;627;687;11;-1;
brc202d;481;530;90;211779;6;1;2977,64670000039;11236;71;136;141;3;351;
den520d;257;256;90;37614;7;1;13002,5229000002;12553;175;348;338;9;332;
ost003d;194;194;90;24422;7;1;87593,3748000003;9587;778;1548;1510;19;321;
brc202d;481;530;90;211779;7;1;1063,56859999988;11483;18;30;60;6;441;
den520d;257;256;90;37614;8;1;12766,3612000002;12375;160;317;343;7;328;
ost003d;194;194;90;24422;8;0;300008,4688;-2;366;466;575;5;-1;
brc202d;481;530;90;211779;8;1;7046,02249999996;11258;140;270;258;4;388;
den520d;257;256;90;37614;9;0;300011,7192;-2;292;518;516;15;-1;
ost003d;194;194;90;24422;9;0;300008,0066;-2;401;779;884;11;-1;
brc202d;481;530;90;211779;9;1;659,75549999997;12029;9;16;55;4;394;
den520d;257;256;100;37614;0;1;9289,57160000037;13780;53;60;108;10;385;
ost003d;194;194;100;24422;0;1;274138,2792;10454;659;1308;1699;19;346;
brc202d;481;530;100;211779;0;1;5166,79009999987;13888;151;299;316;6;410;
den520d;257;256;100;37614;1;1;6902,62629999965;12639;82;104;124;13;371;
ost003d;194;194;100;24422;1;0;300002,6364;-2;1024;1858;2236;24;-1;
brc202d;481;530;100;211779;1;1;10073,2094999999;13851;167;284;289;10;388;
den520d;257;256;100;37614;2;1;21015,3610000005;13617;259;496;534;10;343;
ost003d;194;194;100;24422;2;0;300002,5265;-2;583;1160;1447;11;-1;
brc202d;481;530;100;211779;2;1;2377,5177000016;12643;59;93;122;8;374;
den520d;257;256;100;37614;3;1;1301,44700000063;13212;18;35;87;6;345;
ost003d;194;194;100;24422;3;0;300009,0186;-2;598;1162;1298;15;-1;
brc202d;481;530;100;211779;3;1;1681,63009999879;13857;21;41;84;6;484;
den520d;257;256;100;37614;4;1;6608,00349999964;12892;81;158;204;5;351;
ost003d;194;194;100;24422;4;0;300006,648800001;-2;772;1535;1779;15;-1;
brc202d;481;530;100;211779;4;1;11293,9178999998;13525;291;478;466;11;475;
den520d;257;256;100;37614;5;0;300009,585899999;-2;316;556;682;11;-1;
ost003d;194;194;100;24422;5;0;300003,5524;-2;394;784;745;6;-1;
brc202d;481;530;100;211779;5;1;11322,6640000008;15140;109;212;227;10;467;
den520d;257;256;100;37614;6;0;300012,661599999;-2;313;622;737;13;-1;
ost003d;194;194;100;24422;6;0;300005,199200001;-2;1027;2042;2374;22;-1;
brc202d;481;530;100;211779;6;1;1920,31909999996;13240;22;43;78;6;370;
den520d;257;256;100;37614;7;1;24187,2184999995;15428;125;248;291;7;400;
ost003d;194;194;100;24422;7;0;300003,671600001;-2;824;1576;1708;9;-1;
brc202d;481;530;100;211779;7;1;406,08400000073;12408;1;1;43;0;417;
den520d;257;256;100;37614;8;1;1989,63969999924;12437;16;31;82;6;343;
ost003d;194;194;100;24422;8;0;300003,4278;-2;871;1734;1837;21;-1;
brc202d;481;530;100;211779;8;1;4678,33040000126;13630;132;220;210;8;442;
den520d;257;256;100;37614;9;1;19711,5276999995;14896;232;448;544;8;311;
ost003d;194;194;100;24422;9;0;300008,394300001;-2;583;1088;1263;16;-1;
brc202d;481;530;100;211779;9;1;3183,71240000054;12279;63;125;122;9;401;
den520d;257;256;110;37614;0;1;36898,3851999994;14467;371;737;762;11;338;
ost003d;194;194;110;24422;0;0;300001,6533;-2;545;1012;1076;16;-1;
brc202d;481;530;110;211779;0;1;8037,92860000022;15551;123;234;280;8;472;
den520d;257;256;110;37614;1;0;300010,528800001;-2;77;151;240;5;-1;
ost003d;194;194;110;24422;1;0;300007,612;-2;561;1051;1310;18;-1;
brc202d;481;530;110;211779;1;1;2864,73670000024;12428;41;81;122;6;318;
den520d;257;256;110;37614;2;1;15726,5617000014;14872;193;383;454;8;339;
ost003d;194;194;110;24422;2;0;300005,827599999;-2;540;1074;1153;16;-1;
brc202d;481;530;110;211779;2;1;11716,7621999998;13449;189;360;346;8;405;
den520d;257;256;110;37614;3;1;85308,7211999986;15839;341;677;723;9;336;
ost003d;194;194;110;24422;3;0;300001,889899999;-2;1156;2301;2761;23;-1;
brc202d;481;530;110;211779;3;1;566,270800000057;13061;2;3;61;1;376;
den520d;257;256;110;37614;4;0;300010,060800001;-2;530;989;1289;11;-1;
ost003d;194;194;110;24422;4;0;300008,982800001;-2;344;606;812;11;-1;
brc202d;481;530;110;211779;4;0;300004,4715;-2;249;431;493;9;-1;
den520d;257;256;110;37614;5;0;300012,159499999;-2;185;293;400;7;-1;
ost003d;194;194;110;24422;5;1;28311,2833000012;11277;454;900;1029;17;363;
brc202d;481;530;110;211779;5;1;1388,46009999886;13513;18;35;81;6;359;
den520d;257;256;110;37614;6;1;7072,07049999945;15190;75;148;234;4;368;
ost003d;194;194;110;24422;6;0;300008,224599998;-2;405;801;986;16;-1;
brc202d;481;530;110;211779;6;1;769,237299999222;13551;5;9;58;3;517;
den520d;257;256;110;37614;7;0;300009,3674;-2;130;253;344;9;-1;
ost003d;194;194;110;24422;7;0;300006,559900001;-2;915;1820;1941;21;-1;
brc202d;481;530;110;211779;7;1;5768,17129999958;12771;168;260;254;11;432;
den520d;257;256;110;37614;8;1;3294,11830000021;14412;47;86;141;8;409;
ost003d;194;194;110;24422;8;0;300012,496900002;-2;740;1426;1735;12;-1;
brc202d;481;530;110;211779;8;1;811,295600000769;12934;8;15;75;4;404;
den520d;257;256;110;37614;9;0;300011,816199999;-2;175;246;355;7;-1;
ost003d;194;194;110;24422;9;1;124946,7566;13161;983;1698;2010;26;372;
brc202d;481;530;110;211779;9;1;8693,32960000075;15222;150;262;239;12;473;
den520d;257;256;120;37614;0;0;300001,716500001;-2;221;354;374;10;-1;
ost003d;194;194;120;24422;0;0;300009,0688;-2;744;1401;1830;18;-1;
brc202d;481;530;120;211779;0;1;34206,6732999999;14948;114;226;271;5;435;
den520d;257;256;120;37614;1;1;22630,0818999987;16728;203;358;469;8;385;
ost003d;194;194;120;24422;1;0;300007,046800002;-2;756;1493;1773;11;-1;
brc202d;481;530;120;211779;1;1;725,767900001258;14547;4;6;65;2;558;
den520d;257;256;120;37614;2;1;2249,30420000106;17267;15;29;109;6;385;
ost003d;194;194;120;24422;2;0;300004,373500001;-2;247;484;696;7;-1;
brc202d;481;530;120;211779;2;1;5284,00620000064;15246;81;152;192;7;487;
den520d;257;256;120;37614;3;1;75228,685399998;16061;608;1147;1230;16;375;
ost003d;194;194;120;24422;3;0;300008,671499997;-2;291;489;584;13;-1;
brc202d;481;530;120;211779;3;1;1469,23579999804;14897;12;23;80;5;390;
den520d;257;256;120;37614;4;1;20122,5467999987;15503;234;387;475;17;348;
ost003d;194;194;120;24422;4;0;300004,6611;-2;809;1600;2009;17;-1;
brc202d;481;530;120;211779;4;1;831,622899997979;14666;7;13;75;6;367;
den520d;257;256;120;37614;5;1;1742,85190000013;17447;4;7;89;3;360;
ost003d;194;194;120;24422;5;0;300007,291000001;-2;866;1721;2371;26;-1;
brc202d;481;530;120;211779;5;1;5821,29580000043;16871;121;228;250;7;442;
den520d;257;256;120;37614;6;1;10343,2468999997;15804;140;271;374;4;341;
ost003d;194;194;120;24422;6;0;300001,679499999;-2;1014;2006;2446;24;-1;
brc202d;481;530;120;211779;6;1;1147,9739000015;14225;21;35;82;5;380;
den520d;257;256;120;37614;7;1;1680,1454000026;15863;5;6;88;3;337;
ost003d;194;194;120;24422;7;0;300029,201900002;-2;848;1537;1783;22;-1;
brc202d;481;530;120;211779;7;0;300006,451900002;-2;260;452;593;12;-1;
den520d;257;256;120;37614;8;0;300007,481699999;-2;158;313;376;10;-1;
ost003d;194;194;120;24422;8;0;300010,250499997;-2;548;1065;1382;16;-1;
brc202d;481;530;120;211779;8;1;19667,9915999994;13891;82;87;127;16;459;
den520d;257;256;120;37614;9;0;300008,087400001;-2;267;462;647;10;-1;
ost003d;194;194;120;24422;9;0;300005,955800001;-2;966;1913;1939;18;-1;
brc202d;481;530;120;211779;9;1;796,146499998868;15796;2;3;60;1;440;
