Instance; First_solved;Models; Optimum; Calls;Threads;MIN-Timestep;Min-SUMTIME; ;1stTime(Total); 1stTime(Solving);1stTime(Unsat); 1stCPU Time;1stOptimization;1stSOL-COST; 1st Makespan; ;OPT - Optimization; OPT- Time(Total); OPT-Time(Solving); OPT-Time(Unsat); OPT-CPU Time; OPT-SOL-COST; Last-Makespan ;OPT-Makespan; OPT-Solved;Moved On Goal; Theoric Makespan; 1stRunTime ;Total RunTime; Called Extra; Called Extra
Instance-8-10-4-0;1;1;1;0;4;5;11;"	";0,030988693;0,000999451;0;0,03125;0;11;5;"	";0;0,030988693;0,000999451;0;0,03125;11;5;5;TRUE;FALSE;5;0,023992062;0,033988714;FALSE;
Instance-8-10-4-1;1;1;1;0;4;11;29;"	";0,093969345;0,003997803;0;0,09375;0;29;11;"	";0;0,093969345;0,003997803;0;0,09375;29;11;11;TRUE;FALSE;11;0,089970589;0,101966858;FALSE;
Instance-8-10-4-2;1;1;1;0;4;8;21;"	";0,05198288;0,001998901;0;0,046875;0;21;8;"	";0;0,05198288;0,001998901;0;0,046875;21;8;8;TRUE;FALSE;8;0,047984123;0,056981087;FALSE;
Instance-8-10-4-3;1;1;1;0;4;5;12;"	";0,023992538;0,000997543;0;0,0625;0;12;5;"	";0;0,023992538;0,000997543;0;0,0625;12;5;5;TRUE;FALSE;5;0,018993855;0,027988911;FALSE;
Instance-8-10-4-4;1;1;1;0;4;7;15;"	";0,043987274;0,002000809;0;0,046875;0;15;7;"	";0;0,043987274;0,002000809;0;0,046875;15;7;7;TRUE;FALSE;7;0,039987326;0,048985243;FALSE;
Instance-8-10-4-5;1;1;1;0;4;6;10;"	";0,037986755;0,000999451;0;0,03125;0;10;6;"	";0;0,037986755;0,000999451;0;0,03125;10;6;6;TRUE;FALSE;6;0,031989336;0,041985512;FALSE;
Instance-8-10-4-6;1;1;1;0;4;12;28;"	";0,093969345;0,00399971;0,000999451;0,109375;0;28;12;"	";0;0,093969345;0,00399971;0,000999451;0,109375;28;12;12;TRUE;FALSE;12;0,088970423;0,099967003;FALSE;
Instance-8-10-4-7;1;1;1;0;4;6;13;"	";0,031991959;0,001001358;0;0,03125;0;13;6;"	";0;0,031991959;0,001001358;0;0,03125;13;6;6;TRUE;FALSE;6;0,027992249;0,035992861;FALSE;
Instance-8-10-4-8;1;1;1;0;4;10;24;"	";0,07097435;0,003997803;0,000999451;0,109375;0;24;10;"	";0;0,07097435;0,003997803;0,000999451;0,109375;24;10;10;TRUE;FALSE;10;0,065979004;0,074974775;FALSE;
Instance-8-10-4-9;1;1;1;0;4;10;27;"	";0,107965469;0,003997803;0;0,078125;0;27;10;"	";0;0,107965469;0,003997803;0;0,078125;27;10;10;TRUE;FALSE;10;0,102966785;0,114962101;FALSE;
Instance-8-10-5-0;1;3;1;0;4;10;33;"	";0,119962692;0,010997772;0,002000809;0,15625;2;35;11;"	";2;0,119962692;0,010997772;0,002000809;0,15625;35;11;-1;FALSE;FALSE;12;0,219928265;0,232923508;TRUE;
Instance-8-10-5-1;1;1;1;0;4;11;41;"	";0,109964371;0,004999161;0;0,125;0;41;11;"	";0;0,109964371;0,004999161;0;0,125;41;11;11;TRUE;FALSE;11;0,10496521;0,118960619;FALSE;
Instance-8-10-5-2;1;1;1;0;4;6;24;"	";0,039987564;0,002000809;0,001001358;0,03125;0;24;6;"	";0;0,039987564;0,002000809;0,001001358;0,03125;24;6;6;TRUE;FALSE;6;0,033989906;0,043985605;FALSE;
Instance-8-10-5-3;1;1;1;0;4;9;23;"	";0,07497406;0,003997803;0,000999451;0,078125;0;23;9;"	";0;0,07497406;0,003997803;0,000999451;0,078125;23;9;9;TRUE;FALSE;9;0,068978786;0,080972195;FALSE;
Instance-8-10-5-4;1;1;1;0;4;10;29;"	";0,094968796;0,00399971;0;0,09375;0;29;10;"	";0;0,094968796;0,00399971;0;0,09375;29;10;10;TRUE;FALSE;10;0,090969801;0,102965355;FALSE;
Instance-8-10-5-5;1;1;1;0;4;10;31;"	";0,090969086;0,003997803;0;0,09375;0;31;10;"	";0;0,090969086;0,003997803;0;0,09375;31;10;10;TRUE;FALSE;10;0,086971283;0,098967075;FALSE;
Instance-8-10-5-6;1;1;1;0;4;11;35;"	";0,103967667;0,004997253;0,000999451;0,109375;1;36;11;"	";1;0,103967667;0,004997253;0,000999451;0,109375;36;11;-1;FALSE;FALSE;12;0,099968672;0,112962246;FALSE;
Instance-8-10-5-7;1;1;1;0;4;10;25;"	";0,102966309;0,00399971;0,001001358;0,140625;0;25;10;"	";0;0,102966309;0,00399971;0,001001358;0,140625;25;10;10;TRUE;FALSE;10;0,098967552;0,111963749;FALSE;
Instance-8-10-5-8;1;1;1;0;4;8;20;"	";0,061981201;0,003000259;0;0,0625;2;22;8;"	";2;0,061981201;0,003000259;0;0,0625;22;8;-1;FALSE;FALSE;10;0,056982756;0,067977905;FALSE;
Instance-8-10-5-9;1;1;1;0;4;6;23;"	";0,040987015;0,002998352;0,001001358;0,03125;2;25;6;"	";2;0,040987015;0,002998352;0,001001358;0,03125;25;6;-1;FALSE;FALSE;8;0,034988642;0,044991255;FALSE;
Instance-8-10-6-0;1;1;1;0;4;8;37;"	";0,070976257;0,002998352;0,000999451;0,078125;0;37;8;"	";0;0,070976257;0,002998352;0,000999451;0,078125;37;8;8;TRUE;FALSE;8;0,062980175;0,074975491;FALSE;
Instance-8-10-6-1;1;3;1;0;4;6;23;"	";0,049983978;0,002998352;0;0,046875;1;24;6;"	";1;0,049983978;0,002998352;0;0,046875;24;6;-1;FALSE;FALSE;7;0,043986797;0,05498147;FALSE;
Instance-8-10-6-2;1;1;1;0;4;9;28;"	";0,105966568;0,005001068;0;0,09375;0;28;9;"	";0;0,105966568;0,005001068;0;0,09375;28;9;9;TRUE;FALSE;9;0,09996748;0,113962889;FALSE;
Instance-8-10-6-3;1;1;1;0;4;10;37;"	";0,118963242;0,005001068;0;0,140625;0;37;10;"	";0;0,118963242;0,005001068;0;0,140625;37;10;10;TRUE;FALSE;10;0,112962246;0,126958847;FALSE;
Instance-8-10-6-4;1;1;1;0;4;11;40;"	";0,149951935;0,006999969;0;0,1875;0;40;11;"	";0;0,149951935;0,006999969;0;0,1875;40;11;11;TRUE;FALSE;11;0,14495182;0,159947157;FALSE;
Instance-8-10-6-5;1;2;1;0;4;9;34;"	";0,097967148;0,006998062;0,000999451;0,09375;2;36;9;"	";2;0,097967148;0,006998062;0,000999451;0,09375;36;9;-1;FALSE;FALSE;11;0,090969801;0,10496521;FALSE;
Instance-8-10-6-6;1;2;1;0;4;7;26;"	";0,066978455;0,00399971;0,001001358;0,109375;1;27;7;"	";1;0,066978455;0,00399971;0,001001358;0,109375;27;7;-1;FALSE;FALSE;8;0,058980703;0,070976734;FALSE;
Instance-8-10-6-7;1;1;1;0;4;10;31;"	";0,13495636;0,005001068;0;0,125;0;31;10;"	";0;0,13495636;0,005001068;0;0,125;31;10;10;TRUE;FALSE;10;0,129956722;0,142952442;FALSE;
Instance-8-10-6-8;1;1;1;0;4;8;33;"	";0,071977615;0,003000259;0;0,078125;0;33;8;"	";0;0,071977615;0,003000259;0;0,078125;33;8;8;TRUE;FALSE;8;0,065978765;0,076975107;FALSE;
Instance-8-10-6-9;1;2;1;0;4;6;24;"	";0,05298233;0,002998352;0;0,046875;1;25;6;"	";1;0,05298233;0,002998352;0;0,046875;25;6;-1;FALSE;FALSE;7;0,04598546;0,056981325;FALSE;
Instance-8-10-7-0;1;2;1;0;4;8;25;"	";0,097970963;0,006999969;0;0,09375;4;29;8;"	";4;0,097970963;0,006999969;0;0,09375;29;8;-1;FALSE;FALSE;12;0,090970516;0,105964899;FALSE;
Instance-8-10-7-1;1;1;1;0;4;8;40;"	";0,088972092;0,00399971;0,001001358;0,078125;0;40;8;"	";0;0,088972092;0,00399971;0,001001358;0,078125;40;8;8;TRUE;FALSE;8;0,08097434;0,094968796;FALSE;
Instance-8-10-7-2;1;1;1;0;4;8;29;"	";0,100967407;0,004997253;0,000999451;0,125;0;29;8;"	";0;0,100967407;0,004997253;0,000999451;0,125;29;8;8;TRUE;FALSE;8;0,092969179;0,106965065;FALSE;
Instance-8-10-7-3;1;2;1;0;4;10;44;"	";0,140954971;0,00799942;0,001001358;0,1875;1;45;10;"	";1;0,140954971;0,00799942;0,001001358;0,1875;45;10;-1;FALSE;FALSE;11;0,133955717;0,150949717;FALSE;
Instance-8-10-7-4;1;1;1;0;4;7;29;"	";0,070976257;0,003997803;0;0,0625;0;29;7;"	";0;0,070976257;0,003997803;0;0,0625;29;7;7;TRUE;FALSE;7;0,063979387;0,076975584;FALSE;
Instance-8-10-7-5;1;1;1;0;4;10;43;"	";0,159950256;0,00799942;0;0,21875;0;43;10;"	";0;0,159950256;0,00799942;0;0,21875;43;10;10;TRUE;FALSE;10;0,153950691;0,170943499;FALSE;
Instance-8-10-7-6;1;3;1;0;4;10;41;"	";0,140953064;0,008998871;0,001998901;0,140625;2;43;10;"	";2;0,140953064;0,008998871;0,001998901;0,140625;43;10;-1;FALSE;FALSE;12;0,131956577;0,149950981;FALSE;
Instance-8-10-7-7;1;2;1;0;4;10;35;"	";0,155948639;0,009996414;0,000999451;0,15625;2;37;10;"	";2;0,155948639;0,009996414;0,000999451;0,15625;37;10;-1;FALSE;FALSE;12;0,14895153;0,166944981;FALSE;
Instance-8-10-7-8;1;1;1;0;4;8;35;"	";0,093971252;0,004999161;0,001001358;0,109375;0;35;8;"	";0;0,093971252;0,004999161;0,001001358;0,109375;35;8;8;TRUE;FALSE;8;0,08697176;0,101966619;FALSE;
Instance-8-10-7-9;1;1;1;0;4;5;28;"	";0,037988663;0,002000809;0,001001358;0,03125;0;28;5;"	";0;0,037988663;0,002000809;0,001001358;0,03125;28;5;5;TRUE;FALSE;5;0,028990507;0,039986849;FALSE;
Instance-8-10-8-0;1;1;1;0;4;7;36;"	";0,080974579;0,003997803;0,000999451;0,078125;2;38;7;"	";2;0,080974579;0,003997803;0,000999451;0,078125;38;7;-1;FALSE;FALSE;9;0,073975801;0,087970972;FALSE;
Instance-8-10-8-1;1;3;1;0;4;10;38;"	";0,16594696;0,011997223;0,000997543;0,203125;2;40;10;"	";2;0,16594696;0,011997223;0,000997543;0,203125;40;10;-1;FALSE;FALSE;12;0,158948183;0,175942183;FALSE;
Instance-8-10-8-2;1;1;1;0;4;8;40;"	";0,103965759;0,004997253;0;0,109375;0;40;8;"	";0;0,103965759;0,004997253;0;0,109375;40;8;8;TRUE;FALSE;8;0,096968889;0,110962868;FALSE;
Instance-8-10-8-3;1;1;1;0;4;8;38;"	";0,117963791;0,004001617;0;0,109375;0;38;8;"	";0;0,117963791;0,004001617;0;0,109375;38;8;8;TRUE;FALSE;8;0,110963821;0,124958754;FALSE;
Instance-8-10-8-4;1;2;1;0;4;8;40;"	";0,138954163;0,011995316;0,006994247;0,1875;4;44;9;"	";4;0,138954163;0,011995316;0,006994247;0,1875;44;9;-1;FALSE;TRUE;12;0,245919704;0,260914803;TRUE;
Instance-8-10-8-5;1;2;1;0;4;8;45;"	";0,114963531;0,005998611;0,000999451;0,109375;3;48;8;"	";3;0,114963531;0,005998611;0,000999451;0,109375;48;8;-1;FALSE;FALSE;11;0,106965542;0,122959614;FALSE;
Instance-8-10-8-6;1;1;1;0;4;8;38;"	";0,105966568;0,005001068;0;0,109375;0;38;8;"	";0;0,105966568;0,005001068;0;0,109375;38;8;8;TRUE;FALSE;8;0,098966837;0,113962412;FALSE;
Instance-8-10-8-7;1;1;1;0;4;10;60;"	";0,154951096;0,006999969;0,000997543;0,15625;0;60;10;"	";0;0,154951096;0,006999969;0,000997543;0,15625;60;10;10;TRUE;FALSE;10;0,146951914;0,163945436;FALSE;
Instance-8-10-8-8;1;4;1;0;4;9;39;"	";0,139957428;0,00799942;0;0,140625;1;40;9;"	";1;0,139957428;0,00799942;0;0,140625;40;9;-1;FALSE;FALSE;10;0,131957531;0,145951986;FALSE;
Instance-8-10-8-9;1;3;1;0;4;9;37;"	";0,183940887;0,023992538;0,001998901;0,21875;4;41;10;"	";4;0,183940887;0,023992538;0,001998901;0,21875;41;10;-1;FALSE;TRUE;13;0,33488965;0,351884842;TRUE;
Instance-8-10-9-0;1;1;1;0;4;8;41;"	";0,121961594;0,005001068;0,001001358;0,109375;1;42;8;"	";1;0,121961594;0,005001068;0,001001358;0,109375;42;8;-1;FALSE;FALSE;9;0,112964153;0,130957365;FALSE;
Instance-8-10-9-1;1;3;1;0;4;12;63;"	";2,547164917;2,219272614;0,012994766;7,75;8;71;13;"	";8;2,547164917;2,219272614;0,012994766;7,75;71;13;-1;FALSE;FALSE;20;2,955031633;2,994017601;TRUE;
Instance-8-10-9-2;1;2;1;0;4;8;48;"	";0,13895607;0,009998322;0,000999451;0,140625;4;52;8;"	";4;0,13895607;0,009998322;0,000999451;0,140625;52;8;-1;FALSE;FALSE;12;0,129957676;0,147951841;FALSE;
Instance-8-10-9-3;1;1;1;0;4;9;42;"	";0,199934006;0,017993927;0,01099205;0,25;3;45;10;"	";3;0,199934006;0,017993927;0,01099205;0,25;45;10;-1;FALSE;FALSE;12;0,358880758;0,376876116;TRUE;
Instance-8-10-9-4;1;3;1;0;4;12;53;"	";0,335891724;0,02599144;0,000999451;0,390625;2;55;13;"	";2;0,335891724;0,02599144;0,000999451;0,390625;55;13;-1;FALSE;FALSE;14;0,654786348;0,676778555;TRUE;
Instance-8-10-9-5;1;1;1;0;4;10;52;"	";0,200935364;0,00799942;0;0,234375;0;52;10;"	";0;0,200935364;0,00799942;0;0,234375;52;10;10;TRUE;FALSE;10;0,191937685;0,209931374;FALSE;
Instance-8-10-9-6;1;4;1;0;4;10;48;"	";0,210933685;0,012996674;0,000999451;0,265625;2;50;10;"	";2;0,210933685;0,012996674;0,000999451;0,265625;50;10;-1;FALSE;FALSE;12;0,20293355;0,218928814;FALSE;
Instance-8-10-9-7;1;1;1;0;4;12;68;"	";0,284910202;0,01099968;0;0,28125;0;68;12;"	";0;0,284910202;0,01099968;0;0,28125;68;12;12;TRUE;FALSE;12;0,275910139;0,301900864;FALSE;
Instance-8-10-9-8;1;3;1;0;4;10;50;"	";0,209934235;0,012998581;0;0,1875;3;53;10;"	";3;0,209934235;0,012998581;0;0,1875;53;10;-1;FALSE;FALSE;13;0,201934338;0,217928648;FALSE;
Instance-8-10-9-9;1;1;1;0;4;10;43;"	";0,207937241;0,013000488;0,004001617;0,25;3;46;10;"	";3;0,207937241;0,013000488;0,004001617;0,25;46;10;-1;FALSE;FALSE;13;0,198937416;0,216929436;FALSE;
Instance-8-10-10-0;1;3;1;0;4;9;55;"	";0,214929581;0,011997223;0;0,265625;2;57;9;"	";2;0,214929581;0,011997223;0;0,265625;57;9;-1;FALSE;FALSE;11;0,20493269;0,224926233;FALSE;
Instance-8-10-10-1;1;3;1;0;4;11;56;"	";0,329891205;0,053981781;0,001996994;0,4375;3;59;11;"	";3;0,329891205;0,053981781;0,001996994;0,4375;59;11;-1;FALSE;FALSE;14;0,318895817;0,340888977;FALSE;
Instance-8-10-10-2;1;3;1;0;4;10;46;"	";0,321895599;0,084974289;0,002000809;0,546875;6;52;10;"	";6;0,321895599;0,084974289;0,002000809;0,546875;52;10;-1;FALSE;FALSE;16;0,31189847;0,331891298;FALSE;
Instance-8-10-10-3;1;1;1;0;4;9;56;"	";0,184944153;0,00799942;0,000999451;0,171875;0;56;9;"	";0;0,184944153;0,00799942;0,000999451;0,171875;56;9;9;TRUE;FALSE;9;0,174943686;0,191937685;FALSE;
Instance-8-10-10-4;1;1;1;0;4;10;58;"	";0,235923767;0,009996414;0,000997543;0,234375;0;58;10;"	";0;0,235923767;0,009996414;0,000997543;0,234375;58;10;10;TRUE;FALSE;10;0,222927094;0,243919611;FALSE;
Instance-8-10-10-5;1;3;1;0;4;10;52;"	";0,299892426;0,019996643;0,001001358;0,328125;3;55;11;"	";3;0,299892426;0,019996643;0,001001358;0,328125;55;11;-1;FALSE;TRUE;13;0,548835516;0,569813013;TRUE;
Instance-8-10-10-6;1;1;1;0;4;9;56;"	";0,201934814;0,006998062;0,000999451;0,171875;0;56;9;"	";0;0,201934814;0,006998062;0,000999451;0,171875;56;9;9;TRUE;FALSE;9;0,191937447;0,208930731;FALSE;
Instance-8-10-10-7;1;3;1;0;4;11;52;"	";0,365880966;0,028989792;0,000997543;0,4375;2;54;12;"	";2;0,365880966;0,028989792;0,000997543;0,4375;54;12;-1;FALSE;FALSE;13;0,646788597;0,668782234;TRUE;
Instance-8-10-10-8;1;3;1;0;4;9;45;"	";0,267913818;0,019994736;0,000999451;0,359375;3;48;10;"	";3;0,267913818;0,019994736;0,000999451;0,359375;48;10;-1;FALSE;FALSE;12;0,47984314;0,506833553;TRUE;
Instance-8-10-10-9;1;1;1;0;4;9;56;"	";0,280906677;0,037986755;0,027988434;0,375;4;60;10;"	";4;0,280906677;0,037986755;0,027988434;0,375;60;10;-1;FALSE;FALSE;13;0,488840103;0,509832382;TRUE;
Instance-8-10-11-0;1;2;1;0;4;9;57;"	";0,214929581;0,013998032;0;0,1875;2;59;9;"	";2;0,214929581;0,013998032;0;0,1875;59;9;-1;FALSE;FALSE;11;0,204932451;0,224926233;FALSE;
Instance-8-10-11-1;1;3;1;0;4;13;63;"	";3,321910858;2,816076279;0,012996674;10,0625;10;73;14;"	";10;3,321910858;2,816076279;0,012996674;10,0625;73;14;-1;FALSE;FALSE;23;3,809750319;3,847738028;TRUE;
Instance-8-10-11-2;1;2;1;0;4;11;60;"	";0,811733246;0,427858353;0,408863068;1,953125;5;65;12;"	";5;0,811733246;0,427858353;0,408863068;1,953125;65;12;-1;FALSE;TRUE;16;1,168616295;1,199605703;TRUE;
Instance-8-10-11-3;1;3;1;0;4;10;53;"	";0,320898056;0,030992508;0,001003265;0,390625;6;59;11;"	";6;0,320898056;0,030992508;0,001003265;0,390625;59;11;-1;FALSE;TRUE;16;0,587806702;0,610799074;TRUE;
Instance-8-10-11-4;1;4;1;0;4;11;63;"	";4,85840416;4,479530334;0,008993149;16,484375;9;72;12;"	";9;4,85840416;4,479530334;0,008993149;16,484375;72;12;-1;FALSE;FALSE;20;5,315256596;5,35124588;TRUE;
Instance-8-10-11-5;1;1;1;0;4;9;59;"	";0,227926254;0,009998322;0,000999451;0,265625;1;60;9;"	";1;0,227926254;0,009998322;0,000999451;0,265625;60;9;-1;FALSE;FALSE;10;0,215931177;0,235922575;FALSE;
Instance-8-10-11-6;1;3;1;0;4;8;53;"	";0,200937271;0,012996674;0,000999451;0,234375;2;55;9;"	";2;0,200937271;0,012996674;0,000999451;0,234375;55;9;-1;FALSE;TRUE;10;0,347885847;0,366879225;TRUE;
Instance-8-10-11-7;1;3;1;0;4;8;59;"	";0,188938141;0,019996643;0,001001358;0,234375;3;62;8;"	";3;0,188938141;0,019996643;0,001001358;0,234375;62;8;-1;FALSE;FALSE;11;0,178941727;0,195935488;FALSE;
Instance-8-10-11-8;1;2;1;0;4;8;62;"	";0,229925156;0,012996674;0,00399971;0,28125;4;66;9;"	";4;0,229925156;0,012996674;0,00399971;0,28125;66;9;-1;FALSE;FALSE;12;0,3818748;0,40186739;TRUE;
Instance-8-10-11-9;1;3;1;0;4;7;48;"	";1,757423401;1,597475052;0,004997253;6;9;57;8;"	";9;1,757423401;1,597475052;0,004997253;6;57;8;-1;FALSE;TRUE;16;1,888380766;1,909373522;TRUE;
Instance-8-10-12-0;1;2;1;0;4;9;67;"	";0,25393486;0,012016296;0,002017975;0,25;1;68;9;"	";1;0,25393486;0,012016296;0,002017975;0,25;68;9;-1;FALSE;FALSE;10;0,239921093;0,262913465;FALSE;
Instance-8-10-12-1;1;1;1;0;4;9;45;"	";0,448854446;0,155950546;0,143949509;0,796875;4;49;10;"	";4;0,448854446;0,155950546;0,143949509;0,796875;49;10;-1;FALSE;FALSE;13;0,688775301;0,714765787;TRUE;
Instance-8-10-12-2;1;2;1;0;4;8;45;"	";0,257917404;0,020996094;0,001001358;0,3125;7;52;9;"	";7;0,257917404;0,020996094;0,001001358;0,3125;52;9;-1;FALSE;TRUE;15;0,462848663;0,484840155;TRUE;
Instance-8-10-12-3;1;4;1;0;4;7;44;"	";0,225927353;0,041988373;0,002000809;0,296875;11;55;8;"	";11;0,225927353;0,041988373;0,002000809;0,296875;55;8;-1;FALSE;TRUE;18;0,364879608;0,385873079;TRUE;
Instance-8-10-12-4;1;2;1;0;4;9;64;"	";0,264913559;0,015995026;0,000997543;0,296875;2;66;9;"	";2;0,264913559;0,015995026;0,000997543;0,296875;66;9;-1;FALSE;FALSE;11;0,250918388;0,27290988;FALSE;
Instance-8-10-12-5;1;2;1;0;4;10;61;"	";0,328891754;0,017993927;0,000997543;0,375;2;63;10;"	";2;0,328891754;0,017993927;0,000997543;0,375;63;10;-1;FALSE;FALSE;12;0,316896677;0,338888645;FALSE;
Instance-8-10-12-6;1;5;1;0;4;8;50;"	";0,171945572;0,010000229;0,001003265;0,171875;2;52;8;"	";2;0,171945572;0,010000229;0,001003265;0,171875;52;8;-1;FALSE;FALSE;10;0,159947395;0,178941488;FALSE;
Instance-8-10-12-7;1;3;1;0;4;11;78;"	";0,67178154;0,247919083;0,00399971;1,28125;7;85;12;"	";7;0,67178154;0,247919083;0,00399971;1,28125;85;12;-1;FALSE;FALSE;18;1,091641426;1,12063241;TRUE;
Instance-8-10-12-8;1;4;1;0;4;11;53;"	";0,458848953;0,053979874;0,002996445;0,546875;6;59;11;"	";6;0,458848953;0,053979874;0,002996445;0,546875;59;11;-1;FALSE;FALSE;17;0,447853565;0,472845316;FALSE;
Instance-8-10-12-9;1;1;1;0;4;13;60;"	";0,512834549;0,016996384;0,001003265;0,53125;0;60;13;"	";0;0,512834549;0,016996384;0,001003265;0,53125;60;13;13;TRUE;FALSE;13;0,500835896;0,530826092;FALSE;
Instance-8-10-13-0;1;1;1;0;4;12;92;"	";0,532827377;0,038988113;0,012994766;0,625;5;97;12;"	";5;0,532827377;0,038988113;0,012994766;0,625;97;12;-1;FALSE;FALSE;17;0,519829988;0,549819469;FALSE;
Instance-8-10-13-1;1;3;1;0;4;10;82;"	";0,520830154;0,103965759;0,002998352;0,734375;4;86;11;"	";4;0,520830154;0,103965759;0,002998352;0,734375;86;11;-1;FALSE;TRUE;14;1,17961359;1,214601755;TRUE;
Instance-8-10-13-2;1;3;1;0;4;10;71;"	";0,386871338;0,017993927;0,003997803;0,390625;1;72;10;"	";1;0,386871338;0,017993927;0,003997803;0,390625;72;10;-1;FALSE;FALSE;11;0,372878075;0,398868799;FALSE;
Instance-8-10-13-3;1;2;1;0;4;11;74;"	";186,2478943;185,7810459;0,048980713;643,421875;17;91;12;"	";17;186,2478943;185,7810459;0,048980713;643,421875;91;12;-1;FALSE;TRUE;28;206,8001516;206,8731275;TRUE;
Instance-8-10-13-4;1;3;1;0;4;10;80;"	";0,464847565;0,095970154;0,001998901;0,5625;5;85;10;"	";5;0,464847565;0,095970154;0,001998901;0,5625;85;10;-1;FALSE;FALSE;15;0,450852156;0,476843834;FALSE;
Instance-8-10-13-5;1;2;1;0;4;9;53;"	";0,543823242;0,120960236;0,001998901;0,859375;4;57;10;"	";4;0,543823242;0,120960236;0,001998901;0,859375;57;10;-1;FALSE;TRUE;13;0,936691999;0,967682362;TRUE;
Instance-8-10-13-6;1;2;1;0;4;13;52;"	";0,868715286;0,083972931;0,005998611;0,984375;6;58;14;"	";6;0,868715286;0,083972931;0,005998611;0,984375;58;14;-1;FALSE;TRUE;19;1,533497334;1,574484348;TRUE;
Instance-8-10-13-7;1;3;1;0;4;11;69;"	";0,494838715;0,026992798;0,001001358;0,53125;2;71;11;"	";2;0,494838715;0,026992798;0,001001358;0,53125;71;11;-1;FALSE;FALSE;13;0,480842113;0,513832092;FALSE;
Instance-8-10-13-8;1;3;1;0;4;10;58;"	";1,026664734;0,601802826;0,009994507;2,34375;6;64;11;"	";6;1,026664734;0,601802826;0,009994507;2,34375;64;11;-1;FALSE;TRUE;16;1,469519377;1,505506516;TRUE;
Instance-8-10-13-9;1;1;1;0;4;11;80;"	";0,46185112;0,023994446;0,004999161;0,53125;3;83;11;"	";3;0,46185112;0,023994446;0,004999161;0,53125;83;11;-1;FALSE;FALSE;14;0,445853472;0,477843285;FALSE;
Instance-8-10-14-0;1;1;1;0;4;11;65;"	";0,613803864;0,032993317;0,006999969;0,671875;4;69;12;"	";4;0,613803864;0,032993317;0,006999969;0,671875;69;12;-1;FALSE;TRUE;15;1,1116364;1,145624638;TRUE;
Instance-8-10-14-1;1;4;1;0;4;10;75;"	";178,0105953;177,4897671;0,080972672;616,84375;21;96;11;"	";21;178,0105953;177,4897671;0,080972672;616,84375;96;11;-1;FALSE;TRUE;31;181,8493378;181,9323103;TRUE;
Instance-8-10-14-2;1;3;1;0;4;13;83;"	";3,690788269;2,973024368;0,007995605;11,59375;8;91;14;"	";8;3,690788269;2,973024368;0,007995605;11,59375;91;14;-1;FALSE;FALSE;21;5,452211142;5,501195192;TRUE;
Instance-8-10-14-3;1;2;1;0;4;9;56;"	";0,324895859;0,017997742;0;0,34375;3;59;9;"	";3;0,324895859;0,017997742;0;0,34375;59;9;-1;FALSE;FALSE;12;0,310898781;0,336889982;FALSE;
Instance-8-10-14-4;1;3;1;0;4;11;81;"	";37,37074089;36,75594139;0,023990631;131,765625;9;90;12;"	";9;37,37074089;36,75594139;0,023990631;131,765625;90;12;-1;FALSE;FALSE;20;50,38946819;50,44644928;TRUE;
Instance-8-10-14-5;1;3;1;0;4;13;84;"	";1,581480026;0,906702042;0,009996414;3,625;5;89;13;"	";5;1,581480026;0,906702042;0,009996414;3,625;89;13;-1;FALSE;FALSE;18;1,568485498;1,618468761;FALSE;
Instance-8-10-14-6;1;3;1;0;4;10;75;"	";0,522829056;0,138954163;0,001996994;0,921875;8;83;10;"	";8;0,522829056;0,138954163;0,001996994;0,921875;83;10;-1;FALSE;FALSE;18;0,505833864;0,537823915;FALSE;
Instance-8-10-14-7;1;2;1;0;4;9;79;"	";0,557817459;0,235923767;0,003000259;1,1875;7;86;9;"	";7;0,557817459;0,235923767;0,003000259;1,1875;86;9;-1;FALSE;FALSE;16;0,544821262;0,573811531;FALSE;
Instance-8-10-14-8;1;3;1;0;4;13;93;"	";97,01716995;96,2384243;0,039981842;340,234375;8;101;14;"	";8;97,01716995;96,2384243;0,039981842;340,234375;101;14;-1;FALSE;FALSE;21;100,3230853;100,4360478;TRUE;
Instance-8-10-14-9;1;2;1;0;4;11;73;"	";0,603803635;0,042987823;0,002000809;0,65625;4;77;11;"	";4;0,603803635;0,042987823;0,002000809;0,65625;77;11;-1;FALSE;FALSE;15;0,588806868;0,625794649;FALSE;
Instance-8-10-15-0;1;2;1;0;4;11;80;"	";0,990674973;0,273908615;0,002996445;1,71875;8;88;12;"	";8;0,990674973;0,273908615;0,002996445;1,71875;88;12;-1;FALSE;FALSE;19;2,01833868;2,06132412;TRUE;
Instance-8-10-15-1;1;4;1;0;4;10;81;"	";0,77674675;0,302902222;0,00399971;1,671875;6;87;10;"	";6;0,77674675;0,302902222;0,00399971;1,671875;87;10;-1;FALSE;FALSE;16;0,758750916;0,79473877;FALSE;
Instance-8-10-15-2;1;3;1;0;4;11;74;"	";28,96249771;28,3357029;0,008993149;101,34375;11;85;12;"	";11;28,96249771;28,3357029;0,008993149;101,34375;85;12;-1;FALSE;TRUE;22;35,57632804;35,63130975;TRUE;
Instance-8-10-15-3;1;3;1;0;4;10;84;"	";0,689775467;0,207933426;0,002000809;1,296875;7;91;10;"	";7;0,689775467;0,207933426;0,002000809;1,296875;91;10;-1;FALSE;FALSE;17;0,675778866;0,710767031;FALSE;
Instance-8-10-15-4;1;3;1;0;4;9;79;"	";6,536855698;6,101999283;0,006998062;21,859375;14;93;10;"	";14;6,536855698;6,101999283;0,006998062;21,859375;93;10;-1;FALSE;TRUE;23;7,676481724;7,72146678;TRUE;
Instance-8-10-15-5;1;2;1;0;4;9;79;"	";0,511833191;0,06098175;0,037986755;0,640625;6;85;10;"	";6;0,511833191;0,06098175;0,037986755;0,640625;85;10;-1;FALSE;FALSE;15;0,862721443;0,893707275;TRUE;
Instance-8-10-15-6;1;4;1;0;4;8;73;"	";0,250919342;0,015996933;0,000999451;0,296875;3;76;8;"	";3;0,250919342;0,015996933;0,000999451;0,296875;76;8;-1;FALSE;FALSE;11;0,233923674;0,259913683;FALSE;
Instance-8-10-15-7;1;2;1;0;4;10;82;"	";7,812437057;7,392576218;0,009994507;26,265625;14;96;10;"	";14;7,812437057;7,392576218;0,009994507;26,265625;96;10;-1;FALSE;FALSE;24;7,800441027;7,83742857;FALSE;
Instance-8-10-15-8;1;3;1;0;4;10;86;"	";0,445854187;0,028993607;0,000999451;0,515625;3;89;10;"	";3;0,445854187;0,028993607;0,000999451;0,515625;89;10;-1;FALSE;FALSE;13;0,430858374;0,46184659;FALSE;
Instance-8-10-15-9;1;4;1;0;4;9;88;"	";0,387874603;0,090970993;0,001996994;0,546875;8;96;9;"	";8;0,387874603;0,090970993;0,001996994;0,546875;96;9;-1;FALSE;FALSE;17;0,372877359;0,400867224;FALSE;
Instance-8-10-16-0;1;2;1;0;4;8;74;"	";1,047655106;0,69077301;0,004995346;2,875;7;81;9;"	";7;1,047655106;0,69077301;0,004995346;2,875;81;9;-1;FALSE;FALSE;15;1,451524734;1,485513449;TRUE;
Instance-8-10-16-1;1;3;1;0;4;10;82;"	";0,516832352;0,029993057;0,001003265;0,59375;4;86;10;"	";4;0,516832352;0,029993057;0,001003265;0,59375;86;10;-1;FALSE;FALSE;14;0,500835419;0,532824993;FALSE;
Instance-8-10-16-2;1;2;1;0;4;10;77;"	";0,516832352;0,031991959;0,006998062;0,5625;5;82;10;"	";5;0,516832352;0,031991959;0,006998062;0,5625;82;10;-1;FALSE;FALSE;15;0,501835108;0,53482461;FALSE;
Instance-8-10-16-3;1;3;1;0;4;11;87;"	";72,23330116;71,70147514;0,025989532;246,5;7;94;11;"	";7;72,23330116;71,70147514;0,025989532;246,5;94;11;-1;FALSE;FALSE;18;72,21830702;72,27628756;FALSE;
Instance-8-10-16-4;1;2;1;0;4;13;84;"	";2,831071854;1,89138031;0,008996964;8,015625;5;89;14;"	";5;2,831071854;1,89138031;0,008996964;8,015625;89;14;-1;FALSE;FALSE;18;5,181301355;5,234283209;TRUE;
Instance-8-10-16-5;1;2;1;0;4;9;78;"	";0,339889526;0,017993927;0,000997543;0,390625;1;79;9;"	";1;0,339889526;0,017993927;0,000997543;0,390625;79;9;-1;FALSE;FALSE;10;0,323894024;0,35188508;FALSE;
Instance-8-10-16-6;0;;;;;;;;;;;;;;;;;;;;;;;;;;;;;;
Instance-8-10-16-7;1;2;1;0;4;11;86;"	";0,681777954;0,039987564;0,000999451;0,703125;2;88;11;"	";2;0,681777954;0,039987564;0,000999451;0,703125;88;11;-1;FALSE;FALSE;13;0,664783001;0,706767797;FALSE;
Instance-8-10-16-8;1;3;1;0;4;11;75;"	";0,995674133;0,350885391;0,006998062;1,65625;7;82;11;"	";7;0,995674133;0,350885391;0,006998062;1,65625;82;11;-1;FALSE;FALSE;18;0,979678154;1,03565979;FALSE;
Instance-8-10-16-9;1;2;1;0;4;12;91;"	";0,820730209;0,039987564;0,001998901;0,890625;1;92;12;"	";1;0,820730209;0,039987564;0,001998901;0,890625;92;12;-1;FALSE;FALSE;13;0,804736137;0,84572196;FALSE;
Instance-8-10-17-0;1;3;1;0;4;10;102;"	";1,263586044;0,762748718;0,003993988;2,796875;12;114;10;"	";12;1,263586044;0,762748718;0,003993988;2,796875;114;10;-1;FALSE;FALSE;22;1,246590614;1,305571795;FALSE;
Instance-8-10-17-1;1;2;1;0;4;12;95;"	";6,478876114;5,559177399;0,009998322;16,65625;11;106;13;"	";11;6,478876114;5,559177399;0,009998322;16,65625;106;13;-1;FALSE;TRUE;23;12,13801885;12,22099066;TRUE;
Instance-8-10-17-2;1;3;1;0;4;10;83;"	";0,758750916;0,179941177;0,002998352;1,109375;9;92;10;"	";9;0,758750916;0,179941177;0,002998352;1,109375;92;10;-1;FALSE;FALSE;19;0,738758326;0,780743599;FALSE;
Instance-8-10-17-3;1;2;1;0;4;13;105;"	";210,1690483;209,0374165;0,072973251;738,578125;18;123;14;"	";18;210,1690483;209,0374165;0,072973251;738,578125;123;14;-1;FALSE;TRUE;31;294,7413006;294,9042466;TRUE;
Instance-8-10-17-4;1;3;1;0;4;10;78;"	";87,8041935;87,12041855;0,02199173;313,59375;10;88;11;"	";10;87,8041935;87,12041855;0,02199173;313,59375;88;11;-1;FALSE;FALSE;20;101,5226924;101,6216583;TRUE;
Instance-8-10-17-5;1;4;1;1;4;7;81;"	";0,097970963;0,018995285;0,000999451;0,125;5;86;8;"	";5;0,097970963;0,018995285;0,000999451;0,125;86;8;-1;FALSE;FALSE;12;0,321895361;0,352884531;FALSE;
Instance-8-10-17-6;1;2;1;0;4;10;82;"	";0,785743713;0,077974319;0,001996994;1;6;88;11;"	";6;0,785743713;0,077974319;0,001996994;1;88;11;-1;FALSE;TRUE;16;1,454522848;1,495510101;TRUE;
Instance-8-10-17-7;1;3;1;0;4;11;106;"	";35,39538765;34,79158592;0,01899147;120,078125;11;117;11;"	";11;35,39538765;34,79158592;0,01899147;120,078125;117;11;-1;FALSE;FALSE;22;35,37839341;35,46536422;FALSE;
Instance-8-10-17-8;1;4;1;0;4;11;115;"	";4,836414337;4,173631668;0,009996414;15,28125;9;124;12;"	";9;4,836414337;4,173631668;0,009996414;15,28125;124;12;-1;FALSE;FALSE;20;6,272943974;6,353915453;TRUE;
Instance-8-10-17-9;1;4;1;0;4;10;96;"	";0,911701202;0,415863037;0,005996704;2,015625;10;106;10;"	";10;0,911701202;0,415863037;0,005996704;2,015625;106;10;-1;FALSE;FALSE;20;0,895705462;0,944689512;FALSE;
Instance-8-10-18-0;1;4;1;0;4;10;101;"	";1,221599579;0,638792038;0,004997253;2,875;14;115;10;"	";14;1,221599579;0,638792038;0,004997253;2,875;115;10;-1;FALSE;FALSE;24;1,204605579;1,257587671;FALSE;
Instance-8-10-18-1;1;2;1;0;4;9;100;"	";60,21024513;59,77338791;0,020990372;210,40625;15;115;9;"	";15;60,21024513;59,77338791;0,020990372;210,40625;115;9;-1;FALSE;FALSE;24;60,19325209;60,24923301;FALSE;
Instance-8-10-18-2;1;3;1;0;4;8;89;"	";0,394868851;0,026990891;0,000995636;0,453125;4;93;8;"	";4;0,394868851;0,026990891;0,000995636;0,453125;93;8;-1;FALSE;FALSE;12;0,376876354;0,409865856;FALSE;
Instance-8-10-18-3;1;2;1;0;4;13;84;"	";9,57585907;8,444227219;0,032989502;29,859375;8;92;14;"	";8;9,57585907;8,444227219;0,032989502;29,859375;92;14;-1;FALSE;FALSE;21;11,8271203;11,9040947;TRUE;
Instance-8-10-18-4;1;2;1;0;4;12;103;"	";4,387561798;3,472862244;0,007997513;12,953125;8;111;12;"	";8;4,387561798;3,472862244;0,007997513;12,953125;111;12;-1;FALSE;FALSE;20;4,371565819;4,429547548;FALSE;
Instance-8-10-18-5;1;3;1;0;4;9;101;"	";0,858718872;0,421861649;0,003997803;2,015625;12;113;9;"	";12;0,858718872;0,421861649;0,003997803;2,015625;113;9;-1;FALSE;FALSE;21;0,840724707;0,88670969;FALSE;
Instance-8-10-18-6;1;2;1;0;4;8;89;"	";29,8022213;29,30838394;0,007993698;102,921875;10;99;9;"	";10;29,8022213;29,30838394;0,007993698;102,921875;99;9;-1;FALSE;FALSE;18;31,98250723;32,03948689;TRUE;
Instance-8-10-18-7;1;5;1;0;4;11;101;"	";199,8834229;199,1756535;0,056980133;693,96875;12;113;11;"	";12;199,8834229;199,1756535;0,056980133;693,96875;113;11;-1;FALSE;FALSE;23;199,8664265;199,9683928;FALSE;
Instance-8-10-18-8;1;3;1;0;4;10;91;"	";17,28732872;16,59355545;0,010993958;60,453125;11;102;11;"	";11;17,28732872;16,59355545;0,010993958;60,453125;102;11;-1;FALSE;FALSE;21;20,69620919;20,75618982;TRUE;
Instance-8-10-18-9;1;3;1;0;4;10;91;"	";2,319238663;1,59047699;0,008995056;6,296875;9;100;11;"	";9;2,319238663;1,59047699;0,008995056;6,296875;100;11;-1;FALSE;FALSE;19;3,162961721;3,2129457;TRUE;
